Product_ID,Product_Name,Category,Region,Date,Base_Price_INR,Current_Discount_%,Discounted_Price_INR,Inventory_Level,Units_Sold,Restocked_Units,Avg_Customer_Rating,Number_of_Reviews,Return_Rate_%,Fulfillment_Center
UIDPROD001,Ice Bar,Food,North,2025-06-05,4759,10,4283,435,62,100,4.7,381,7.71,Mumbai
UIDPROD001,Ice Bar,Food,North,2025-06-06,4759,20,3807,459,88,50,3.3,56,3.95,Kolkata
UIDPROD001,Ice Bar,Food,North,2025-06-07,4759,5,4521,209,54,100,3.4,442,3.46,Delhi
UIDPROD001,Ice Bar,Food,North,2025-06-08,4759,0,4759,481,59,0,3.5,13,5.06,Hyderabad
UIDPROD001,Ice Bar,Food,North,2025-06-09,4759,15,4045,373,97,0,4.1,183,6.37,Bangalore
UIDPROD001,Ice Bar,Food,North,2025-06-10,4759,15,4045,337,62,100,3.0,428,4.46,Hyderabad
UIDPROD001,Ice Bar,Food,North,2025-06-11,4759,15,4045,366,95,0,3.5,52,5.26,Bangalore
UIDPROD001,Ice Bar,Food,North,2025-06-12,4759,5,4521,429,66,0,3.9,392,1.52,Delhi
UIDPROD001,Ice Bar,Food,North,2025-06-13,4759,0,4759,211,78,100,4.6,274,3.58,Mumbai
UIDPROD001,Ice Bar,Food,North,2025-06-14,4759,0,4759,190,51,0,4.3,404,1.73,Delhi
UIDPROD001,Ice Bar,Food,North,2025-06-15,4759,10,4283,169,91,100,4.4,283,6.68,Hyderabad
UIDPROD001,Ice Bar,Food,North,2025-06-16,4759,20,3807,292,95,100,3.3,379,0.55,Mumbai
UIDPROD001,Ice Bar,Food,North,2025-06-17,4759,20,3807,369,63,0,4.7,404,3.91,Hyderabad
UIDPROD001,Ice Bar,Food,North,2025-06-18,4759,15,4045,122,98,100,3.0,228,6.83,Mumbai
UIDPROD001,Ice Bar,Food,North,2025-06-19,4759,5,4521,55,69,0,3.3,41,1.18,Mumbai
UIDPROD001,Ice Bar,Food,South,2025-06-05,4759,5,4521,101,66,50,4.5,221,3.97,Kolkata
UIDPROD001,Ice Bar,Food,South,2025-06-06,4759,15,4045,449,64,50,3.3,229,7.23,Bangalore
UIDPROD001,Ice Bar,Food,South,2025-06-07,4759,5,4521,300,84,100,3.1,253,5.5,Kolkata
UIDPROD001,Ice Bar,Food,South,2025-06-08,4759,5,4521,345,87,0,4.0,126,0.51,Hyderabad
UIDPROD001,Ice Bar,Food,South,2025-06-09,4759,10,4283,142,84,100,3.9,252,8.93,Delhi
UIDPROD001,Ice Bar,Food,South,2025-06-10,4759,10,4283,301,99,0,4.3,30,7.26,Bangalore
UIDPROD001,Ice Bar,Food,South,2025-06-11,4759,15,4045,73,55,50,3.6,397,3.48,Mumbai
UIDPROD001,Ice Bar,Food,South,2025-06-12,4759,5,4521,199,78,50,3.9,101,2.41,Delhi
UIDPROD001,Ice Bar,Food,South,2025-06-13,4759,20,3807,446,65,0,4.6,434,1.07,Delhi
UIDPROD001,Ice Bar,Food,South,2025-06-14,4759,0,4759,436,50,50,4.6,366,6.28,Mumbai
UIDPROD001,Ice Bar,Food,South,2025-06-15,4759,0,4759,194,63,100,3.4,222,9.25,Kolkata
UIDPROD001,Ice Bar,Food,South,2025-06-16,4759,15,4045,390,81,50,3.9,212,2.4,Mumbai
UIDPROD001,Ice Bar,Food,South,2025-06-17,4759,15,4045,262,90,0,3.4,488,3.38,Mumbai
UIDPROD001,Ice Bar,Food,South,2025-06-18,4759,20,3807,471,66,50,4.1,21,2.22,Bangalore
UIDPROD001,Ice Bar,Food,South,2025-06-19,4759,0,4759,482,89,0,4.2,250,9.94,Bangalore
UIDPROD001,Ice Bar,Food,East,2025-06-05,4759,15,4045,145,73,100,3.3,432,9.35,Mumbai
UIDPROD001,Ice Bar,Food,East,2025-06-06,4759,20,3807,93,72,50,3.0,209,4.52,Hyderabad
UIDPROD001,Ice Bar,Food,East,2025-06-07,4759,5,4521,322,72,50,3.2,168,3.87,Kolkata
UIDPROD001,Ice Bar,Food,East,2025-06-08,4759,0,4759,269,72,50,4.4,66,5.45,Hyderabad
UIDPROD001,Ice Bar,Food,East,2025-06-09,4759,20,3807,393,88,0,4.4,259,4.72,Kolkata
UIDPROD001,Ice Bar,Food,East,2025-06-10,4759,15,4045,176,79,50,4.1,24,7.68,Mumbai
UIDPROD001,Ice Bar,Food,East,2025-06-11,4759,10,4283,188,93,100,3.8,83,1.08,Hyderabad
UIDPROD001,Ice Bar,Food,East,2025-06-12,4759,10,4283,336,84,50,3.4,10,8.86,Bangalore
UIDPROD001,Ice Bar,Food,East,2025-06-13,4759,5,4521,312,66,0,3.6,146,6.72,Hyderabad
UIDPROD001,Ice Bar,Food,East,2025-06-14,4759,20,3807,79,64,0,3.5,302,8.46,Delhi
UIDPROD001,Ice Bar,Food,East,2025-06-15,4759,15,4045,195,65,50,4.2,474,6.32,Kolkata
UIDPROD001,Ice Bar,Food,East,2025-06-16,4759,20,3807,475,65,0,5.0,92,0.95,Delhi
UIDPROD001,Ice Bar,Food,East,2025-06-17,4759,15,4045,140,95,100,3.8,216,7.39,Bangalore
UIDPROD001,Ice Bar,Food,East,2025-06-18,4759,15,4045,453,78,100,3.2,42,3.75,Delhi
UIDPROD001,Ice Bar,Food,East,2025-06-19,4759,10,4283,229,93,50,3.2,308,2.5,Kolkata
UIDPROD001,Ice Bar,Food,West,2025-06-05,4759,5,4521,116,91,100,4.4,428,2.68,Hyderabad
UIDPROD001,Ice Bar,Food,West,2025-06-06,4759,5,4521,74,79,0,3.8,225,2.49,Kolkata
UIDPROD001,Ice Bar,Food,West,2025-06-07,4759,15,4045,362,96,0,5.0,132,9.9,Delhi
UIDPROD001,Ice Bar,Food,West,2025-06-08,4759,5,4521,83,71,100,3.4,397,4.32,Hyderabad
UIDPROD001,Ice Bar,Food,West,2025-06-09,4759,15,4045,319,70,50,3.7,247,6.22,Delhi
UIDPROD001,Ice Bar,Food,West,2025-06-10,4759,5,4521,218,88,0,4.6,83,6.33,Bangalore
UIDPROD001,Ice Bar,Food,West,2025-06-11,4759,20,3807,99,76,0,3.5,21,4.92,Delhi
UIDPROD001,Ice Bar,Food,West,2025-06-12,4759,15,4045,136,77,0,3.8,426,2.49,Hyderabad
UIDPROD001,Ice Bar,Food,West,2025-06-13,4759,0,4759,196,99,100,4.2,429,9.77,Delhi
UIDPROD001,Ice Bar,Food,West,2025-06-14,4759,10,4283,178,82,50,3.9,217,7.93,Mumbai
UIDPROD001,Ice Bar,Food,West,2025-06-15,4759,5,4521,305,54,50,4.1,383,3.91,Mumbai
UIDPROD001,Ice Bar,Food,West,2025-06-16,4759,5,4521,474,87,100,4.0,96,3.56,Bangalore
UIDPROD001,Ice Bar,Food,West,2025-06-17,4759,0,4759,392,54,50,4.4,7,1.83,Bangalore
UIDPROD001,Ice Bar,Food,West,2025-06-18,4759,20,3807,397,54,50,3.5,49,3.72,Bangalore
UIDPROD001,Ice Bar,Food,West,2025-06-19,4759,0,4759,236,63,0,3.1,189,6.61,Bangalore
UIDPROD002,Keto Bar,Food,North,2025-06-05,2200,0,2200,448,51,50,4.4,77,8.05,Bangalore
UIDPROD002,Keto Bar,Food,North,2025-06-06,2200,15,1870,318,83,100,4.9,261,9.28,Kolkata
UIDPROD002,Keto Bar,Food,North,2025-06-07,2200,10,1980,122,97,50,3.9,64,3.69,Hyderabad
UIDPROD002,Keto Bar,Food,North,2025-06-08,2200,5,2090,212,96,50,3.3,113,6.84,Mumbai
UIDPROD002,Keto Bar,Food,North,2025-06-09,2200,20,1760,168,77,50,3.2,311,5.56,Mumbai
UIDPROD002,Keto Bar,Food,North,2025-06-10,2200,20,1760,274,51,100,4.6,124,7.87,Mumbai
UIDPROD002,Keto Bar,Food,North,2025-06-11,2200,20,1760,370,90,100,4.6,359,4.0,Delhi
UIDPROD002,Keto Bar,Food,North,2025-06-12,2200,20,1760,410,81,100,4.7,98,0.78,Delhi
UIDPROD002,Keto Bar,Food,North,2025-06-13,2200,10,1980,452,64,100,3.6,162,5.94,Bangalore
UIDPROD002,Keto Bar,Food,North,2025-06-14,2200,0,2200,67,66,0,4.6,146,2.07,Mumbai
UIDPROD002,Keto Bar,Food,North,2025-06-15,2200,20,1760,435,50,50,4.9,190,0.67,Mumbai
UIDPROD002,Keto Bar,Food,North,2025-06-16,2200,10,1980,256,60,100,4.1,370,3.71,Bangalore
UIDPROD002,Keto Bar,Food,North,2025-06-17,2200,5,2090,119,96,0,3.5,417,3.21,Kolkata
UIDPROD002,Keto Bar,Food,North,2025-06-18,2200,0,2200,391,57,100,4.4,143,8.03,Bangalore
UIDPROD002,Keto Bar,Food,North,2025-06-19,2200,0,2200,288,74,50,3.1,111,6.67,Mumbai
UIDPROD002,Keto Bar,Food,South,2025-06-05,2200,10,1980,472,84,100,3.9,106,9.45,Mumbai
UIDPROD002,Keto Bar,Food,South,2025-06-06,2200,5,2090,114,75,100,3.9,324,7.94,Delhi
UIDPROD002,Keto Bar,Food,South,2025-06-07,2200,15,1870,322,69,100,4.4,374,7.65,Kolkata
UIDPROD002,Keto Bar,Food,South,2025-06-08,2200,10,1980,65,55,0,4.1,321,1.72,Mumbai
UIDPROD002,Keto Bar,Food,South,2025-06-09,2200,0,2200,335,71,100,4.6,68,6.42,Delhi
UIDPROD002,Keto Bar,Food,South,2025-06-10,2200,10,1980,482,89,100,4.6,395,7.65,Hyderabad
UIDPROD002,Keto Bar,Food,South,2025-06-11,2200,0,2200,219,99,100,3.4,349,9.41,Hyderabad
UIDPROD002,Keto Bar,Food,South,2025-06-12,2200,15,1870,108,97,0,4.5,268,4.09,Bangalore
UIDPROD002,Keto Bar,Food,South,2025-06-13,2200,15,1870,297,84,50,3.1,56,5.44,Bangalore
UIDPROD002,Keto Bar,Food,South,2025-06-14,2200,5,2090,454,66,100,3.5,355,2.43,Kolkata
UIDPROD002,Keto Bar,Food,South,2025-06-15,2200,0,2200,176,65,100,3.3,454,8.81,Kolkata
UIDPROD002,Keto Bar,Food,South,2025-06-16,2200,20,1760,424,74,100,4.0,49,8.16,Hyderabad
UIDPROD002,Keto Bar,Food,South,2025-06-17,2200,0,2200,497,52,0,4.6,471,3.44,Mumbai
UIDPROD002,Keto Bar,Food,South,2025-06-18,2200,20,1760,234,50,100,3.4,209,4.23,Kolkata
UIDPROD002,Keto Bar,Food,South,2025-06-19,2200,5,2090,409,92,0,4.3,393,3.89,Mumbai
UIDPROD002,Keto Bar,Food,East,2025-06-05,2200,20,1760,339,98,50,3.7,345,1.4,Mumbai
UIDPROD002,Keto Bar,Food,East,2025-06-06,2200,0,2200,223,85,0,3.4,402,8.48,Mumbai
UIDPROD002,Keto Bar,Food,East,2025-06-07,2200,15,1870,421,80,0,3.7,455,4.94,Delhi
UIDPROD002,Keto Bar,Food,East,2025-06-08,2200,15,1870,430,82,0,3.3,454,6.43,Kolkata
UIDPROD002,Keto Bar,Food,East,2025-06-09,2200,5,2090,119,79,0,3.9,72,4.78,Mumbai
UIDPROD002,Keto Bar,Food,East,2025-06-10,2200,0,2200,426,90,100,3.7,485,9.24,Delhi
UIDPROD002,Keto Bar,Food,East,2025-06-11,2200,5,2090,216,51,100,4.9,121,6.91,Hyderabad
UIDPROD002,Keto Bar,Food,East,2025-06-12,2200,20,1760,466,80,100,4.2,21,0.81,Bangalore
UIDPROD002,Keto Bar,Food,East,2025-06-13,2200,0,2200,324,61,100,4.6,292,6.49,Delhi
UIDPROD002,Keto Bar,Food,East,2025-06-14,2200,0,2200,200,82,50,3.4,47,8.1,Kolkata
UIDPROD002,Keto Bar,Food,East,2025-06-15,2200,0,2200,226,60,0,4.4,186,0.67,Bangalore
UIDPROD002,Keto Bar,Food,East,2025-06-16,2200,0,2200,274,89,0,4.6,398,9.07,Mumbai
UIDPROD002,Keto Bar,Food,East,2025-06-17,2200,15,1870,192,98,0,4.3,324,9.53,Mumbai
UIDPROD002,Keto Bar,Food,East,2025-06-18,2200,15,1870,289,56,50,4.1,377,3.79,Kolkata
UIDPROD002,Keto Bar,Food,East,2025-06-19,2200,0,2200,232,76,50,4.2,468,1.4,Mumbai
UIDPROD002,Keto Bar,Food,West,2025-06-05,2200,0,2200,318,96,100,3.6,295,9.27,Delhi
UIDPROD002,Keto Bar,Food,West,2025-06-06,2200,20,1760,216,71,100,3.1,16,6.56,Kolkata
UIDPROD002,Keto Bar,Food,West,2025-06-07,2200,20,1760,419,71,50,3.0,219,7.37,Kolkata
UIDPROD002,Keto Bar,Food,West,2025-06-08,2200,0,2200,70,99,0,3.2,391,6.06,Kolkata
UIDPROD002,Keto Bar,Food,West,2025-06-09,2200,20,1760,126,64,0,3.8,54,5.18,Hyderabad
UIDPROD002,Keto Bar,Food,West,2025-06-10,2200,20,1760,443,75,100,4.7,477,9.96,Bangalore
UIDPROD002,Keto Bar,Food,West,2025-06-11,2200,5,2090,459,93,50,3.1,348,1.93,Kolkata
UIDPROD002,Keto Bar,Food,West,2025-06-12,2200,0,2200,269,55,50,3.1,452,2.1,Mumbai
UIDPROD002,Keto Bar,Food,West,2025-06-13,2200,15,1870,100,64,100,4.4,37,1.21,Mumbai
UIDPROD002,Keto Bar,Food,West,2025-06-14,2200,5,2090,252,84,50,3.6,81,4.66,Bangalore
UIDPROD002,Keto Bar,Food,West,2025-06-15,2200,10,1980,273,53,50,4.5,414,5.72,Kolkata
UIDPROD002,Keto Bar,Food,West,2025-06-16,2200,20,1760,433,59,50,3.3,316,9.7,Bangalore
UIDPROD002,Keto Bar,Food,West,2025-06-17,2200,15,1870,255,51,50,4.2,297,0.64,Bangalore
UIDPROD002,Keto Bar,Food,West,2025-06-18,2200,0,2200,134,65,50,4.6,350,8.0,Delhi
UIDPROD002,Keto Bar,Food,West,2025-06-19,2200,0,2200,105,57,100,3.5,407,6.04,Mumbai
UIDPROD003,Eye Mask,Beauty,North,2025-06-05,4930,10,4437,384,65,0,3.0,51,1.35,Hyderabad
UIDPROD003,Eye Mask,Beauty,North,2025-06-06,4930,10,4437,490,64,100,4.0,280,3.5,Mumbai
UIDPROD003,Eye Mask,Beauty,North,2025-06-07,4930,20,3944,359,83,100,4.0,432,6.3,Hyderabad
UIDPROD003,Eye Mask,Beauty,North,2025-06-08,4930,5,4684,89,94,50,3.1,341,2.76,Hyderabad
UIDPROD003,Eye Mask,Beauty,North,2025-06-09,4930,5,4684,459,52,50,3.8,270,5.69,Kolkata
UIDPROD003,Eye Mask,Beauty,North,2025-06-10,4930,10,4437,307,70,100,4.2,474,6.09,Hyderabad
UIDPROD003,Eye Mask,Beauty,North,2025-06-11,4930,20,3944,479,51,50,4.8,310,9.24,Delhi
UIDPROD003,Eye Mask,Beauty,North,2025-06-12,4930,10,4437,482,94,100,4.1,170,5.32,Kolkata
UIDPROD003,Eye Mask,Beauty,North,2025-06-13,4930,20,3944,461,83,100,3.3,208,6.67,Hyderabad
UIDPROD003,Eye Mask,Beauty,North,2025-06-14,4930,0,4930,410,84,50,4.6,97,4.71,Mumbai
UIDPROD003,Eye Mask,Beauty,North,2025-06-15,4930,0,4930,449,82,50,4.4,480,6.5,Mumbai
UIDPROD003,Eye Mask,Beauty,North,2025-06-16,4930,10,4437,493,69,0,4.6,83,5.94,Mumbai
UIDPROD003,Eye Mask,Beauty,North,2025-06-17,4930,5,4684,430,86,100,4.1,379,4.7,Mumbai
UIDPROD003,Eye Mask,Beauty,North,2025-06-18,4930,15,4190,300,74,100,4.1,47,4.83,Kolkata
UIDPROD003,Eye Mask,Beauty,North,2025-06-19,4930,20,3944,96,82,50,4.6,389,9.66,Delhi
UIDPROD003,Eye Mask,Beauty,South,2025-06-05,4930,15,4190,179,88,50,4.5,369,3.99,Bangalore
UIDPROD003,Eye Mask,Beauty,South,2025-06-06,4930,5,4684,463,75,0,4.1,59,8.19,Delhi
UIDPROD003,Eye Mask,Beauty,South,2025-06-07,4930,15,4190,345,95,100,3.9,219,3.67,Bangalore
UIDPROD003,Eye Mask,Beauty,South,2025-06-08,4930,15,4190,359,94,50,3.8,480,7.57,Hyderabad
UIDPROD003,Eye Mask,Beauty,South,2025-06-09,4930,0,4930,478,90,100,4.9,139,7.48,Bangalore
UIDPROD003,Eye Mask,Beauty,South,2025-06-10,4930,20,3944,301,87,0,4.8,343,6.04,Delhi
UIDPROD003,Eye Mask,Beauty,South,2025-06-11,4930,5,4684,181,62,50,3.2,130,1.7,Delhi
UIDPROD003,Eye Mask,Beauty,South,2025-06-12,4930,0,4930,467,85,50,3.1,117,9.42,Delhi
UIDPROD003,Eye Mask,Beauty,South,2025-06-13,4930,10,4437,447,66,100,3.3,150,3.59,Delhi
UIDPROD003,Eye Mask,Beauty,South,2025-06-14,4930,0,4930,60,57,50,3.0,301,8.56,Hyderabad
UIDPROD003,Eye Mask,Beauty,South,2025-06-15,4930,0,4930,116,98,50,4.2,445,7.44,Mumbai
UIDPROD003,Eye Mask,Beauty,South,2025-06-16,4930,20,3944,360,56,100,4.9,393,6.18,Hyderabad
UIDPROD003,Eye Mask,Beauty,South,2025-06-17,4930,5,4684,367,55,0,3.4,351,8.4,Delhi
UIDPROD003,Eye Mask,Beauty,South,2025-06-18,4930,5,4684,265,52,0,3.1,263,9.53,Kolkata
UIDPROD003,Eye Mask,Beauty,South,2025-06-19,4930,5,4684,154,80,0,3.1,40,3.38,Kolkata
UIDPROD003,Eye Mask,Beauty,East,2025-06-05,4930,5,4684,261,51,100,5.0,203,7.13,Kolkata
UIDPROD003,Eye Mask,Beauty,East,2025-06-06,4930,0,4930,413,91,50,3.5,238,5.18,Delhi
UIDPROD003,Eye Mask,Beauty,East,2025-06-07,4930,5,4684,293,76,50,4.9,203,4.28,Mumbai
UIDPROD003,Eye Mask,Beauty,East,2025-06-08,4930,15,4190,113,74,100,4.2,426,5.69,Delhi
UIDPROD003,Eye Mask,Beauty,East,2025-06-09,4930,0,4930,390,63,50,3.4,343,8.81,Mumbai
UIDPROD003,Eye Mask,Beauty,East,2025-06-10,4930,5,4684,354,68,50,4.3,391,10.0,Delhi
UIDPROD003,Eye Mask,Beauty,East,2025-06-11,4930,5,4684,425,62,50,4.0,200,9.77,Hyderabad
UIDPROD003,Eye Mask,Beauty,East,2025-06-12,4930,0,4930,484,76,100,3.5,403,7.21,Hyderabad
UIDPROD003,Eye Mask,Beauty,East,2025-06-13,4930,5,4684,362,60,50,4.7,92,3.32,Hyderabad
UIDPROD003,Eye Mask,Beauty,East,2025-06-14,4930,5,4684,292,60,0,3.7,256,9.3,Delhi
UIDPROD003,Eye Mask,Beauty,East,2025-06-15,4930,10,4437,240,68,50,3.9,341,4.05,Kolkata
UIDPROD003,Eye Mask,Beauty,East,2025-06-16,4930,10,4437,432,70,50,4.2,398,4.35,Mumbai
UIDPROD003,Eye Mask,Beauty,East,2025-06-17,4930,0,4930,401,97,0,3.4,27,9.98,Kolkata
UIDPROD003,Eye Mask,Beauty,East,2025-06-18,4930,5,4684,124,98,0,3.0,9,2.39,Mumbai
UIDPROD003,Eye Mask,Beauty,East,2025-06-19,4930,15,4190,139,51,0,4.2,351,9.14,Kolkata
UIDPROD003,Eye Mask,Beauty,West,2025-06-05,4930,20,3944,144,92,50,4.7,270,8.53,Mumbai
UIDPROD003,Eye Mask,Beauty,West,2025-06-06,4930,5,4684,256,52,50,3.1,231,2.12,Bangalore
UIDPROD003,Eye Mask,Beauty,West,2025-06-07,4930,5,4684,225,64,100,3.6,345,3.05,Delhi
UIDPROD003,Eye Mask,Beauty,West,2025-06-08,4930,5,4684,421,89,50,3.4,88,7.47,Kolkata
UIDPROD003,Eye Mask,Beauty,West,2025-06-09,4930,15,4190,305,99,0,3.5,252,8.82,Delhi
UIDPROD003,Eye Mask,Beauty,West,2025-06-10,4930,5,4684,400,65,50,4.2,432,9.97,Bangalore
UIDPROD003,Eye Mask,Beauty,West,2025-06-11,4930,20,3944,124,68,100,4.8,383,1.69,Bangalore
UIDPROD003,Eye Mask,Beauty,West,2025-06-12,4930,10,4437,419,87,100,4.0,448,7.68,Mumbai
UIDPROD003,Eye Mask,Beauty,West,2025-06-13,4930,0,4930,336,70,100,3.5,167,9.72,Kolkata
UIDPROD003,Eye Mask,Beauty,West,2025-06-14,4930,0,4930,99,80,50,4.2,348,0.63,Delhi
UIDPROD003,Eye Mask,Beauty,West,2025-06-15,4930,10,4437,185,79,50,3.7,121,8.61,Bangalore
UIDPROD003,Eye Mask,Beauty,West,2025-06-16,4930,20,3944,185,55,50,4.4,278,9.72,Kolkata
UIDPROD003,Eye Mask,Beauty,West,2025-06-17,4930,15,4190,207,54,0,4.3,63,9.06,Delhi
UIDPROD003,Eye Mask,Beauty,West,2025-06-18,4930,20,3944,213,76,50,4.9,409,2.84,Mumbai
UIDPROD003,Eye Mask,Beauty,West,2025-06-19,4930,15,4190,243,51,100,4.2,43,2.98,Kolkata
UIDPROD004,Natural Deo,Beauty,North,2025-06-05,2096,0,2096,81,88,50,4.5,471,0.69,Hyderabad
UIDPROD004,Natural Deo,Beauty,North,2025-06-06,2096,0,2096,272,80,0,3.4,201,1.65,Mumbai
UIDPROD004,Natural Deo,Beauty,North,2025-06-07,2096,10,1886,488,86,0,3.2,200,5.72,Kolkata
UIDPROD004,Natural Deo,Beauty,North,2025-06-08,2096,20,1677,278,90,50,3.8,245,3.8,Hyderabad
UIDPROD004,Natural Deo,Beauty,North,2025-06-09,2096,20,1677,54,58,50,4.0,308,2.08,Kolkata
UIDPROD004,Natural Deo,Beauty,North,2025-06-10,2096,5,1991,238,75,50,4.5,230,7.11,Delhi
UIDPROD004,Natural Deo,Beauty,North,2025-06-11,2096,10,1886,331,75,0,4.5,42,1.22,Kolkata
UIDPROD004,Natural Deo,Beauty,North,2025-06-12,2096,15,1782,404,65,50,4.9,363,1.28,Mumbai
UIDPROD004,Natural Deo,Beauty,North,2025-06-13,2096,0,2096,398,83,100,4.0,228,7.56,Mumbai
UIDPROD004,Natural Deo,Beauty,North,2025-06-14,2096,0,2096,116,76,50,4.7,157,7.04,Hyderabad
UIDPROD004,Natural Deo,Beauty,North,2025-06-15,2096,20,1677,110,78,50,4.0,274,5.36,Bangalore
UIDPROD004,Natural Deo,Beauty,North,2025-06-16,2096,10,1886,67,93,0,3.9,439,1.71,Hyderabad
UIDPROD004,Natural Deo,Beauty,North,2025-06-17,2096,20,1677,438,97,50,4.3,260,1.45,Bangalore
UIDPROD004,Natural Deo,Beauty,North,2025-06-18,2096,20,1677,493,78,100,3.3,298,7.65,Delhi
UIDPROD004,Natural Deo,Beauty,North,2025-06-19,2096,20,1677,330,85,50,4.9,56,2.63,Mumbai
UIDPROD004,Natural Deo,Beauty,South,2025-06-05,2096,20,1677,477,69,100,3.6,262,3.9,Bangalore
UIDPROD004,Natural Deo,Beauty,South,2025-06-06,2096,15,1782,126,69,100,3.9,262,9.14,Delhi
UIDPROD004,Natural Deo,Beauty,South,2025-06-07,2096,20,1677,64,90,100,3.2,489,4.89,Delhi
UIDPROD004,Natural Deo,Beauty,South,2025-06-08,2096,10,1886,284,82,100,3.4,169,7.55,Bangalore
UIDPROD004,Natural Deo,Beauty,South,2025-06-09,2096,10,1886,65,73,0,3.5,111,4.44,Bangalore
UIDPROD004,Natural Deo,Beauty,South,2025-06-10,2096,0,2096,112,74,0,3.7,148,3.97,Delhi
UIDPROD004,Natural Deo,Beauty,South,2025-06-11,2096,15,1782,232,77,0,4.3,26,7.39,Mumbai
UIDPROD004,Natural Deo,Beauty,South,2025-06-12,2096,0,2096,487,78,100,4.3,90,5.49,Hyderabad
UIDPROD004,Natural Deo,Beauty,South,2025-06-13,2096,0,2096,147,99,100,3.8,375,0.94,Delhi
UIDPROD004,Natural Deo,Beauty,South,2025-06-14,2096,15,1782,284,79,100,3.8,122,8.01,Hyderabad
UIDPROD004,Natural Deo,Beauty,South,2025-06-15,2096,10,1886,348,89,100,4.7,256,2.73,Hyderabad
UIDPROD004,Natural Deo,Beauty,South,2025-06-16,2096,15,1782,104,56,50,3.3,88,8.32,Bangalore
UIDPROD004,Natural Deo,Beauty,South,2025-06-17,2096,10,1886,287,69,0,4.2,183,9.86,Kolkata
UIDPROD004,Natural Deo,Beauty,South,2025-06-18,2096,10,1886,257,92,50,3.2,84,6.28,Hyderabad
UIDPROD004,Natural Deo,Beauty,South,2025-06-19,2096,5,1991,242,87,50,3.2,108,4.66,Hyderabad
UIDPROD004,Natural Deo,Beauty,East,2025-06-05,2096,10,1886,90,60,100,4.9,397,6.38,Bangalore
UIDPROD004,Natural Deo,Beauty,East,2025-06-06,2096,5,1991,171,67,50,4.7,5,8.93,Bangalore
UIDPROD004,Natural Deo,Beauty,East,2025-06-07,2096,15,1782,326,86,100,3.5,172,8.93,Kolkata
UIDPROD004,Natural Deo,Beauty,East,2025-06-08,2096,20,1677,53,67,50,4.2,412,6.04,Kolkata
UIDPROD004,Natural Deo,Beauty,East,2025-06-09,2096,10,1886,56,62,100,3.9,123,2.71,Bangalore
UIDPROD004,Natural Deo,Beauty,East,2025-06-10,2096,0,2096,359,59,0,3.1,61,6.79,Bangalore
UIDPROD004,Natural Deo,Beauty,East,2025-06-11,2096,0,2096,466,58,50,3.3,446,5.9,Kolkata
UIDPROD004,Natural Deo,Beauty,East,2025-06-12,2096,15,1782,479,85,50,4.2,61,9.52,Bangalore
UIDPROD004,Natural Deo,Beauty,East,2025-06-13,2096,15,1782,201,68,100,4.0,137,8.68,Mumbai
UIDPROD004,Natural Deo,Beauty,East,2025-06-14,2096,20,1677,219,64,50,4.0,39,9.75,Bangalore
UIDPROD004,Natural Deo,Beauty,East,2025-06-15,2096,20,1677,106,56,0,4.2,180,4.17,Mumbai
UIDPROD004,Natural Deo,Beauty,East,2025-06-16,2096,10,1886,362,52,100,3.2,473,8.23,Kolkata
UIDPROD004,Natural Deo,Beauty,East,2025-06-17,2096,0,2096,404,84,100,3.8,55,0.87,Delhi
UIDPROD004,Natural Deo,Beauty,East,2025-06-18,2096,0,2096,135,78,100,4.2,435,6.23,Mumbai
UIDPROD004,Natural Deo,Beauty,East,2025-06-19,2096,15,1782,418,89,0,3.9,318,3.38,Delhi
UIDPROD004,Natural Deo,Beauty,West,2025-06-05,2096,0,2096,296,77,50,4.0,149,4.46,Mumbai
UIDPROD004,Natural Deo,Beauty,West,2025-06-06,2096,0,2096,71,74,100,4.8,430,8.32,Mumbai
UIDPROD004,Natural Deo,Beauty,West,2025-06-07,2096,10,1886,351,67,50,4.0,350,6.38,Kolkata
UIDPROD004,Natural Deo,Beauty,West,2025-06-08,2096,5,1991,275,56,50,3.6,334,5.81,Mumbai
UIDPROD004,Natural Deo,Beauty,West,2025-06-09,2096,20,1677,496,58,100,4.0,243,8.34,Mumbai
UIDPROD004,Natural Deo,Beauty,West,2025-06-10,2096,5,1991,231,51,100,5.0,317,7.4,Mumbai
UIDPROD004,Natural Deo,Beauty,West,2025-06-11,2096,20,1677,154,82,50,3.3,112,9.2,Delhi
UIDPROD004,Natural Deo,Beauty,West,2025-06-12,2096,5,1991,304,79,0,4.4,379,8.89,Kolkata
UIDPROD004,Natural Deo,Beauty,West,2025-06-13,2096,20,1677,309,95,100,4.7,196,1.16,Delhi
UIDPROD004,Natural Deo,Beauty,West,2025-06-14,2096,15,1782,428,59,100,3.4,271,3.38,Kolkata
UIDPROD004,Natural Deo,Beauty,West,2025-06-15,2096,10,1886,404,52,0,4.5,100,6.88,Hyderabad
UIDPROD004,Natural Deo,Beauty,West,2025-06-16,2096,10,1886,88,70,0,3.0,197,9.61,Kolkata
UIDPROD004,Natural Deo,Beauty,West,2025-06-17,2096,20,1677,177,77,0,4.1,357,1.99,Delhi
UIDPROD004,Natural Deo,Beauty,West,2025-06-18,2096,20,1677,297,51,0,4.3,395,9.67,Hyderabad
UIDPROD004,Natural Deo,Beauty,West,2025-06-19,2096,0,2096,297,89,50,4.5,489,4.55,Delhi
UIDPROD005,Yoga Mat,Fitness,North,2025-06-05,1692,10,1523,269,62,0,4.7,379,9.37,Bangalore
UIDPROD005,Yoga Mat,Fitness,North,2025-06-06,1692,10,1523,278,88,100,4.9,69,6.19,Bangalore
UIDPROD005,Yoga Mat,Fitness,North,2025-06-07,1692,20,1354,401,51,0,4.1,53,6.9,Hyderabad
UIDPROD005,Yoga Mat,Fitness,North,2025-06-08,1692,10,1523,465,58,100,4.2,65,3.13,Hyderabad
UIDPROD005,Yoga Mat,Fitness,North,2025-06-09,1692,20,1354,107,91,100,3.4,443,9.54,Mumbai
UIDPROD005,Yoga Mat,Fitness,North,2025-06-10,1692,15,1438,158,82,100,3.3,250,5.53,Mumbai
UIDPROD005,Yoga Mat,Fitness,North,2025-06-11,1692,10,1523,82,63,0,3.9,177,9.46,Bangalore
UIDPROD005,Yoga Mat,Fitness,North,2025-06-12,1692,15,1438,267,91,50,3.1,245,0.76,Bangalore
UIDPROD005,Yoga Mat,Fitness,North,2025-06-13,1692,5,1607,478,58,100,4.8,411,2.61,Hyderabad
UIDPROD005,Yoga Mat,Fitness,North,2025-06-14,1692,20,1354,328,83,100,4.8,395,7.55,Hyderabad
UIDPROD005,Yoga Mat,Fitness,North,2025-06-15,1692,0,1692,282,57,50,4.9,317,4.8,Delhi
UIDPROD005,Yoga Mat,Fitness,North,2025-06-16,1692,20,1354,423,72,0,3.4,222,0.94,Kolkata
UIDPROD005,Yoga Mat,Fitness,North,2025-06-17,1692,15,1438,325,88,100,4.5,416,4.06,Kolkata
UIDPROD005,Yoga Mat,Fitness,North,2025-06-18,1692,10,1523,349,77,100,4.2,168,9.45,Mumbai
UIDPROD005,Yoga Mat,Fitness,North,2025-06-19,1692,10,1523,164,84,0,4.0,42,8.04,Bangalore
UIDPROD005,Yoga Mat,Fitness,South,2025-06-05,1692,5,1607,60,62,50,3.9,358,6.21,Bangalore
UIDPROD005,Yoga Mat,Fitness,South,2025-06-06,1692,15,1438,295,97,0,3.1,312,4.99,Kolkata
UIDPROD005,Yoga Mat,Fitness,South,2025-06-07,1692,0,1692,130,54,50,4.2,457,8.66,Kolkata
UIDPROD005,Yoga Mat,Fitness,South,2025-06-08,1692,20,1354,441,95,100,4.3,153,8.24,Mumbai
UIDPROD005,Yoga Mat,Fitness,South,2025-06-09,1692,5,1607,150,98,50,3.9,216,0.68,Delhi
UIDPROD005,Yoga Mat,Fitness,South,2025-06-10,1692,20,1354,489,71,0,3.3,232,8.15,Delhi
UIDPROD005,Yoga Mat,Fitness,South,2025-06-11,1692,0,1692,374,61,50,3.8,288,3.52,Hyderabad
UIDPROD005,Yoga Mat,Fitness,South,2025-06-12,1692,20,1354,264,60,50,3.5,316,9.59,Hyderabad
UIDPROD005,Yoga Mat,Fitness,South,2025-06-13,1692,5,1607,105,84,100,3.3,183,1.98,Hyderabad
UIDPROD005,Yoga Mat,Fitness,South,2025-06-14,1692,0,1692,283,82,100,5.0,443,7.4,Bangalore
UIDPROD005,Yoga Mat,Fitness,South,2025-06-15,1692,20,1354,204,67,0,4.0,185,1.68,Hyderabad
UIDPROD005,Yoga Mat,Fitness,South,2025-06-16,1692,0,1692,350,51,100,3.2,446,9.98,Kolkata
UIDPROD005,Yoga Mat,Fitness,South,2025-06-17,1692,20,1354,74,59,50,3.0,111,4.63,Bangalore
UIDPROD005,Yoga Mat,Fitness,South,2025-06-18,1692,15,1438,301,89,50,4.9,74,7.23,Hyderabad
UIDPROD005,Yoga Mat,Fitness,South,2025-06-19,1692,15,1438,60,56,0,4.0,172,2.45,Kolkata
UIDPROD005,Yoga Mat,Fitness,East,2025-06-05,1692,15,1438,124,60,50,4.2,161,5.54,Bangalore
UIDPROD005,Yoga Mat,Fitness,East,2025-06-06,1692,0,1692,60,83,0,3.1,498,5.62,Delhi
UIDPROD005,Yoga Mat,Fitness,East,2025-06-07,1692,15,1438,170,59,100,3.6,290,8.3,Hyderabad
UIDPROD005,Yoga Mat,Fitness,East,2025-06-08,1692,5,1607,378,61,50,4.7,328,6.68,Bangalore
UIDPROD005,Yoga Mat,Fitness,East,2025-06-09,1692,5,1607,386,70,50,3.8,375,8.54,Hyderabad
UIDPROD005,Yoga Mat,Fitness,East,2025-06-10,1692,10,1523,99,97,50,3.6,230,4.67,Delhi
UIDPROD005,Yoga Mat,Fitness,East,2025-06-11,1692,15,1438,90,77,0,3.9,475,2.29,Kolkata
UIDPROD005,Yoga Mat,Fitness,East,2025-06-12,1692,10,1523,274,57,0,3.9,180,2.35,Kolkata
UIDPROD005,Yoga Mat,Fitness,East,2025-06-13,1692,15,1438,262,78,0,3.5,55,8.1,Kolkata
UIDPROD005,Yoga Mat,Fitness,East,2025-06-14,1692,20,1354,373,78,50,3.8,6,1.83,Delhi
UIDPROD005,Yoga Mat,Fitness,East,2025-06-15,1692,0,1692,271,64,50,4.5,104,8.31,Hyderabad
UIDPROD005,Yoga Mat,Fitness,East,2025-06-16,1692,5,1607,51,56,0,3.7,177,2.96,Kolkata
UIDPROD005,Yoga Mat,Fitness,East,2025-06-17,1692,10,1523,423,71,50,3.1,242,1.24,Hyderabad
UIDPROD005,Yoga Mat,Fitness,East,2025-06-18,1692,20,1354,283,62,50,4.1,433,7.95,Kolkata
UIDPROD005,Yoga Mat,Fitness,East,2025-06-19,1692,10,1523,316,99,100,4.9,358,3.09,Mumbai
UIDPROD005,Yoga Mat,Fitness,West,2025-06-05,1692,10,1523,53,80,100,3.5,68,4.62,Kolkata
UIDPROD005,Yoga Mat,Fitness,West,2025-06-06,1692,5,1607,372,98,0,4.6,180,3.58,Kolkata
UIDPROD005,Yoga Mat,Fitness,West,2025-06-07,1692,10,1523,409,83,100,3.0,402,5.12,Hyderabad
UIDPROD005,Yoga Mat,Fitness,West,2025-06-08,1692,10,1523,326,72,50,3.4,228,2.18,Kolkata
UIDPROD005,Yoga Mat,Fitness,West,2025-06-09,1692,15,1438,63,81,0,4.7,368,4.77,Delhi
UIDPROD005,Yoga Mat,Fitness,West,2025-06-10,1692,0,1692,196,56,50,3.0,361,3.11,Hyderabad
UIDPROD005,Yoga Mat,Fitness,West,2025-06-11,1692,10,1523,491,86,100,3.3,236,1.36,Mumbai
UIDPROD005,Yoga Mat,Fitness,West,2025-06-12,1692,20,1354,235,97,0,3.2,61,7.05,Kolkata
UIDPROD005,Yoga Mat,Fitness,West,2025-06-13,1692,15,1438,465,93,50,4.3,412,7.16,Kolkata
UIDPROD005,Yoga Mat,Fitness,West,2025-06-14,1692,0,1692,236,97,0,3.9,134,9.02,Hyderabad
UIDPROD005,Yoga Mat,Fitness,West,2025-06-15,1692,15,1438,228,60,0,3.0,132,2.08,Hyderabad
UIDPROD005,Yoga Mat,Fitness,West,2025-06-16,1692,10,1523,242,92,0,3.5,483,9.17,Delhi
UIDPROD005,Yoga Mat,Fitness,West,2025-06-17,1692,15,1438,228,71,0,4.3,89,6.6,Bangalore
UIDPROD005,Yoga Mat,Fitness,West,2025-06-18,1692,20,1354,457,58,50,4.1,302,6.87,Hyderabad
UIDPROD005,Yoga Mat,Fitness,West,2025-06-19,1692,5,1607,142,64,0,4.8,479,5.5,Kolkata
UIDPROD006,Fitness Band,Fitness,North,2025-06-05,4341,20,3473,108,73,0,3.1,304,7.89,Bangalore
UIDPROD006,Fitness Band,Fitness,North,2025-06-06,4341,20,3473,114,80,0,3.3,137,5.31,Bangalore
UIDPROD006,Fitness Band,Fitness,North,2025-06-07,4341,5,4124,454,74,0,4.3,423,6.73,Hyderabad
UIDPROD006,Fitness Band,Fitness,North,2025-06-08,4341,5,4124,60,53,0,4.7,318,10.0,Mumbai
UIDPROD006,Fitness Band,Fitness,North,2025-06-09,4341,10,3907,492,79,100,3.5,481,3.55,Mumbai
UIDPROD006,Fitness Band,Fitness,North,2025-06-10,4341,10,3907,148,61,0,4.5,23,9.59,Delhi
UIDPROD006,Fitness Band,Fitness,North,2025-06-11,4341,10,3907,158,96,100,4.0,398,9.59,Mumbai
UIDPROD006,Fitness Band,Fitness,North,2025-06-12,4341,10,3907,161,71,100,5.0,431,2.95,Bangalore
UIDPROD006,Fitness Band,Fitness,North,2025-06-13,4341,10,3907,243,71,0,4.4,170,7.33,Kolkata
UIDPROD006,Fitness Band,Fitness,North,2025-06-14,4341,10,3907,349,77,100,3.5,41,6.89,Kolkata
UIDPROD006,Fitness Band,Fitness,North,2025-06-15,4341,20,3473,304,72,0,4.5,113,2.34,Delhi
UIDPROD006,Fitness Band,Fitness,North,2025-06-16,4341,20,3473,341,64,50,4.4,172,2.34,Mumbai
UIDPROD006,Fitness Band,Fitness,North,2025-06-17,4341,20,3473,247,53,100,3.5,100,4.12,Kolkata
UIDPROD006,Fitness Band,Fitness,North,2025-06-18,4341,15,3690,331,86,100,4.4,308,8.11,Bangalore
UIDPROD006,Fitness Band,Fitness,North,2025-06-19,4341,10,3907,77,71,100,5.0,160,6.63,Hyderabad
UIDPROD006,Fitness Band,Fitness,South,2025-06-05,4341,10,3907,460,58,50,3.8,359,4.28,Hyderabad
UIDPROD006,Fitness Band,Fitness,South,2025-06-06,4341,20,3473,293,73,0,4.5,253,9.1,Delhi
UIDPROD006,Fitness Band,Fitness,South,2025-06-07,4341,0,4341,137,86,0,4.0,415,7.23,Kolkata
UIDPROD006,Fitness Band,Fitness,South,2025-06-08,4341,5,4124,129,74,100,4.2,164,9.26,Delhi
UIDPROD006,Fitness Band,Fitness,South,2025-06-09,4341,0,4341,65,89,100,4.7,185,1.05,Hyderabad
UIDPROD006,Fitness Band,Fitness,South,2025-06-10,4341,5,4124,396,92,100,3.2,396,1.21,Kolkata
UIDPROD006,Fitness Band,Fitness,South,2025-06-11,4341,15,3690,167,67,100,3.5,47,9.04,Delhi
UIDPROD006,Fitness Band,Fitness,South,2025-06-12,4341,15,3690,195,80,50,4.3,370,7.99,Hyderabad
UIDPROD006,Fitness Band,Fitness,South,2025-06-13,4341,10,3907,352,98,100,4.6,477,2.38,Mumbai
UIDPROD006,Fitness Band,Fitness,South,2025-06-14,4341,5,4124,173,89,50,4.4,496,3.73,Mumbai
UIDPROD006,Fitness Band,Fitness,South,2025-06-15,4341,5,4124,259,76,50,3.4,18,9.37,Delhi
UIDPROD006,Fitness Band,Fitness,South,2025-06-16,4341,20,3473,246,55,50,4.7,10,1.51,Delhi
UIDPROD006,Fitness Band,Fitness,South,2025-06-17,4341,15,3690,281,52,50,3.5,115,5.29,Hyderabad
UIDPROD006,Fitness Band,Fitness,South,2025-06-18,4341,0,4341,214,60,0,4.2,129,8.11,Kolkata
UIDPROD006,Fitness Band,Fitness,South,2025-06-19,4341,0,4341,362,69,50,4.0,252,7.99,Delhi
UIDPROD006,Fitness Band,Fitness,East,2025-06-05,4341,0,4341,70,65,50,3.1,68,2.64,Hyderabad
UIDPROD006,Fitness Band,Fitness,East,2025-06-06,4341,10,3907,438,90,50,3.3,413,9.19,Mumbai
UIDPROD006,Fitness Band,Fitness,East,2025-06-07,4341,20,3473,191,75,0,4.7,49,7.74,Hyderabad
UIDPROD006,Fitness Band,Fitness,East,2025-06-08,4341,20,3473,345,87,0,3.7,450,1.91,Kolkata
UIDPROD006,Fitness Band,Fitness,East,2025-06-09,4341,0,4341,405,90,0,4.0,372,1.84,Mumbai
UIDPROD006,Fitness Band,Fitness,East,2025-06-10,4341,20,3473,401,74,50,4.4,130,7.14,Kolkata
UIDPROD006,Fitness Band,Fitness,East,2025-06-11,4341,5,4124,388,61,0,3.9,212,6.75,Bangalore
UIDPROD006,Fitness Band,Fitness,East,2025-06-12,4341,10,3907,71,54,100,3.6,196,1.41,Mumbai
UIDPROD006,Fitness Band,Fitness,East,2025-06-13,4341,0,4341,348,53,0,4.7,119,8.44,Hyderabad
UIDPROD006,Fitness Band,Fitness,East,2025-06-14,4341,0,4341,440,99,50,4.5,306,9.85,Delhi
UIDPROD006,Fitness Band,Fitness,East,2025-06-15,4341,5,4124,115,57,50,3.7,81,0.98,Hyderabad
UIDPROD006,Fitness Band,Fitness,East,2025-06-16,4341,15,3690,437,93,0,4.2,40,5.15,Hyderabad
UIDPROD006,Fitness Band,Fitness,East,2025-06-17,4341,0,4341,123,67,100,4.2,42,5.73,Kolkata
UIDPROD006,Fitness Band,Fitness,East,2025-06-18,4341,15,3690,62,58,50,3.0,422,7.84,Kolkata
UIDPROD006,Fitness Band,Fitness,East,2025-06-19,4341,20,3473,80,53,0,4.7,396,5.4,Kolkata
UIDPROD006,Fitness Band,Fitness,West,2025-06-05,4341,10,3907,374,94,0,3.5,478,1.84,Hyderabad
UIDPROD006,Fitness Band,Fitness,West,2025-06-06,4341,10,3907,415,58,0,4.4,190,0.66,Kolkata
UIDPROD006,Fitness Band,Fitness,West,2025-06-07,4341,20,3473,301,80,100,3.2,308,1.92,Kolkata
UIDPROD006,Fitness Band,Fitness,West,2025-06-08,4341,5,4124,414,53,100,5.0,265,5.87,Kolkata
UIDPROD006,Fitness Band,Fitness,West,2025-06-09,4341,5,4124,165,90,100,3.9,73,9.09,Kolkata
UIDPROD006,Fitness Band,Fitness,West,2025-06-10,4341,10,3907,234,58,100,3.1,21,1.97,Kolkata
UIDPROD006,Fitness Band,Fitness,West,2025-06-11,4341,15,3690,310,69,0,4.8,328,1.65,Delhi
UIDPROD006,Fitness Band,Fitness,West,2025-06-12,4341,15,3690,295,74,50,4.1,439,8.48,Hyderabad
UIDPROD006,Fitness Band,Fitness,West,2025-06-13,4341,10,3907,283,90,50,3.1,72,0.81,Bangalore
UIDPROD006,Fitness Band,Fitness,West,2025-06-14,4341,20,3473,103,68,0,4.8,384,8.47,Hyderabad
UIDPROD006,Fitness Band,Fitness,West,2025-06-15,4341,10,3907,57,97,50,4.0,11,7.32,Bangalore
UIDPROD006,Fitness Band,Fitness,West,2025-06-16,4341,15,3690,442,71,50,3.3,271,4.05,Kolkata
UIDPROD006,Fitness Band,Fitness,West,2025-06-17,4341,15,3690,324,57,100,3.9,285,1.17,Kolkata
UIDPROD006,Fitness Band,Fitness,West,2025-06-18,4341,15,3690,51,52,50,4.5,330,4.41,Mumbai
UIDPROD006,Fitness Band,Fitness,West,2025-06-19,4341,5,4124,54,59,50,3.6,182,3.77,Kolkata
UIDPROD007,Earbuds,Electronics,North,2025-06-05,2666,15,2266,418,78,0,3.3,69,3.37,Kolkata
UIDPROD007,Earbuds,Electronics,North,2025-06-06,2666,5,2533,118,62,0,3.4,222,9.61,Kolkata
UIDPROD007,Earbuds,Electronics,North,2025-06-07,2666,0,2666,459,97,100,3.1,332,7.2,Bangalore
UIDPROD007,Earbuds,Electronics,North,2025-06-08,2666,5,2533,334,64,50,3.5,206,5.94,Mumbai
UIDPROD007,Earbuds,Electronics,North,2025-06-09,2666,15,2266,149,77,50,3.6,191,7.03,Delhi
UIDPROD007,Earbuds,Electronics,North,2025-06-10,2666,5,2533,144,85,50,3.9,79,6.62,Delhi
UIDPROD007,Earbuds,Electronics,North,2025-06-11,2666,20,2133,405,51,100,4.9,177,6.65,Delhi
UIDPROD007,Earbuds,Electronics,North,2025-06-12,2666,10,2399,114,67,0,4.5,417,8.16,Kolkata
UIDPROD007,Earbuds,Electronics,North,2025-06-13,2666,10,2399,157,75,0,3.7,161,4.44,Mumbai
UIDPROD007,Earbuds,Electronics,North,2025-06-14,2666,20,2133,446,70,100,3.9,442,4.51,Delhi
UIDPROD007,Earbuds,Electronics,North,2025-06-15,2666,20,2133,246,84,100,3.9,174,3.45,Delhi
UIDPROD007,Earbuds,Electronics,North,2025-06-16,2666,5,2533,262,91,0,4.6,402,0.88,Bangalore
UIDPROD007,Earbuds,Electronics,North,2025-06-17,2666,15,2266,246,67,0,4.3,203,8.71,Hyderabad
UIDPROD007,Earbuds,Electronics,North,2025-06-18,2666,0,2666,54,59,0,4.5,434,4.96,Hyderabad
UIDPROD007,Earbuds,Electronics,North,2025-06-19,2666,20,2133,313,94,0,3.3,477,7.78,Mumbai
UIDPROD007,Earbuds,Electronics,South,2025-06-05,2666,15,2266,241,50,0,4.1,329,7.16,Delhi
UIDPROD007,Earbuds,Electronics,South,2025-06-06,2666,20,2133,438,74,100,3.9,57,8.84,Kolkata
UIDPROD007,Earbuds,Electronics,South,2025-06-07,2666,10,2399,148,68,0,3.4,172,2.68,Hyderabad
UIDPROD007,Earbuds,Electronics,South,2025-06-08,2666,10,2399,350,75,0,3.7,77,2.27,Kolkata
UIDPROD007,Earbuds,Electronics,South,2025-06-09,2666,0,2666,239,69,50,3.4,210,5.97,Kolkata
UIDPROD007,Earbuds,Electronics,South,2025-06-10,2666,0,2666,222,96,0,3.8,434,2.97,Hyderabad
UIDPROD007,Earbuds,Electronics,South,2025-06-11,2666,15,2266,431,86,50,3.7,222,9.51,Mumbai
UIDPROD007,Earbuds,Electronics,South,2025-06-12,2666,10,2399,266,99,100,3.3,260,4.07,Kolkata
UIDPROD007,Earbuds,Electronics,South,2025-06-13,2666,10,2399,279,97,100,4.2,453,3.0,Mumbai
UIDPROD007,Earbuds,Electronics,South,2025-06-14,2666,10,2399,225,79,0,4.1,19,5.74,Kolkata
UIDPROD007,Earbuds,Electronics,South,2025-06-15,2666,20,2133,392,63,100,4.0,326,2.5,Mumbai
UIDPROD007,Earbuds,Electronics,South,2025-06-16,2666,10,2399,256,72,0,4.0,424,2.45,Kolkata
UIDPROD007,Earbuds,Electronics,South,2025-06-17,2666,20,2133,199,89,0,3.2,364,1.62,Mumbai
UIDPROD007,Earbuds,Electronics,South,2025-06-18,2666,15,2266,378,85,100,4.4,127,4.69,Mumbai
UIDPROD007,Earbuds,Electronics,South,2025-06-19,2666,20,2133,71,84,100,4.2,64,9.53,Kolkata
UIDPROD007,Earbuds,Electronics,East,2025-06-05,2666,15,2266,195,77,0,4.4,184,9.86,Bangalore
UIDPROD007,Earbuds,Electronics,East,2025-06-06,2666,10,2399,387,85,100,4.2,113,5.15,Bangalore
UIDPROD007,Earbuds,Electronics,East,2025-06-07,2666,10,2399,82,64,100,4.0,314,0.62,Hyderabad
UIDPROD007,Earbuds,Electronics,East,2025-06-08,2666,20,2133,422,72,50,4.5,322,0.89,Delhi
UIDPROD007,Earbuds,Electronics,East,2025-06-09,2666,10,2399,62,86,0,4.0,238,8.31,Kolkata
UIDPROD007,Earbuds,Electronics,East,2025-06-10,2666,5,2533,150,89,50,4.9,353,6.37,Kolkata
UIDPROD007,Earbuds,Electronics,East,2025-06-11,2666,10,2399,402,98,50,4.5,242,5.24,Delhi
UIDPROD007,Earbuds,Electronics,East,2025-06-12,2666,0,2666,222,66,50,4.2,382,2.89,Hyderabad
UIDPROD007,Earbuds,Electronics,East,2025-06-13,2666,20,2133,495,95,0,3.2,122,3.82,Hyderabad
UIDPROD007,Earbuds,Electronics,East,2025-06-14,2666,0,2666,419,59,0,4.3,177,1.98,Bangalore
UIDPROD007,Earbuds,Electronics,East,2025-06-15,2666,20,2133,453,65,0,4.6,99,2.91,Mumbai
UIDPROD007,Earbuds,Electronics,East,2025-06-16,2666,15,2266,123,80,100,3.8,64,9.69,Hyderabad
UIDPROD007,Earbuds,Electronics,East,2025-06-17,2666,20,2133,342,66,50,4.9,391,7.87,Mumbai
UIDPROD007,Earbuds,Electronics,East,2025-06-18,2666,10,2399,349,52,50,4.9,100,3.98,Bangalore
UIDPROD007,Earbuds,Electronics,East,2025-06-19,2666,20,2133,111,83,100,4.9,86,2.58,Bangalore
UIDPROD007,Earbuds,Electronics,West,2025-06-05,2666,5,2533,121,56,50,3.8,95,6.25,Mumbai
UIDPROD007,Earbuds,Electronics,West,2025-06-06,2666,0,2666,310,56,50,3.5,358,3.65,Kolkata
UIDPROD007,Earbuds,Electronics,West,2025-06-07,2666,15,2266,62,72,100,4.7,82,6.36,Mumbai
UIDPROD007,Earbuds,Electronics,West,2025-06-08,2666,20,2133,171,86,50,3.7,173,6.03,Mumbai
UIDPROD007,Earbuds,Electronics,West,2025-06-09,2666,15,2266,65,76,50,3.3,147,3.83,Hyderabad
UIDPROD007,Earbuds,Electronics,West,2025-06-10,2666,0,2666,399,69,0,4.6,104,4.62,Kolkata
UIDPROD007,Earbuds,Electronics,West,2025-06-11,2666,20,2133,284,57,0,3.8,471,9.96,Mumbai
UIDPROD007,Earbuds,Electronics,West,2025-06-12,2666,5,2533,64,91,100,3.3,260,8.43,Mumbai
UIDPROD007,Earbuds,Electronics,West,2025-06-13,2666,0,2666,437,98,0,4.2,478,8.58,Mumbai
UIDPROD007,Earbuds,Electronics,West,2025-06-14,2666,10,2399,387,66,100,4.1,311,5.02,Delhi
UIDPROD007,Earbuds,Electronics,West,2025-06-15,2666,0,2666,471,78,100,4.7,481,6.97,Mumbai
UIDPROD007,Earbuds,Electronics,West,2025-06-16,2666,0,2666,285,98,50,4.4,144,5.0,Mumbai
UIDPROD007,Earbuds,Electronics,West,2025-06-17,2666,10,2399,174,56,50,3.2,416,7.63,Hyderabad
UIDPROD007,Earbuds,Electronics,West,2025-06-18,2666,5,2533,259,76,50,4.0,492,1.15,Bangalore
UIDPROD007,Earbuds,Electronics,West,2025-06-19,2666,20,2133,144,98,0,4.3,292,2.57,Hyderabad
UIDPROD008,Smartwatch,Electronics,North,2025-06-05,2901,0,2901,237,77,100,4.6,156,5.26,Bangalore
UIDPROD008,Smartwatch,Electronics,North,2025-06-06,2901,10,2611,402,85,0,4.1,110,8.84,Mumbai
UIDPROD008,Smartwatch,Electronics,North,2025-06-07,2901,0,2901,207,73,100,3.8,48,2.92,Kolkata
UIDPROD008,Smartwatch,Electronics,North,2025-06-08,2901,5,2756,458,73,100,3.8,357,2.04,Kolkata
UIDPROD008,Smartwatch,Electronics,North,2025-06-09,2901,5,2756,89,75,50,3.3,218,5.07,Hyderabad
UIDPROD008,Smartwatch,Electronics,North,2025-06-10,2901,5,2756,325,68,0,3.3,98,1.45,Delhi
UIDPROD008,Smartwatch,Electronics,North,2025-06-11,2901,15,2466,96,83,0,3.3,302,1.03,Bangalore
UIDPROD008,Smartwatch,Electronics,North,2025-06-12,2901,20,2321,101,97,50,4.9,122,4.98,Kolkata
UIDPROD008,Smartwatch,Electronics,North,2025-06-13,2901,20,2321,263,67,0,3.3,106,3.39,Delhi
UIDPROD008,Smartwatch,Electronics,North,2025-06-14,2901,20,2321,239,61,50,4.1,175,7.22,Kolkata
UIDPROD008,Smartwatch,Electronics,North,2025-06-15,2901,20,2321,287,76,50,3.6,267,4.46,Kolkata
UIDPROD008,Smartwatch,Electronics,North,2025-06-16,2901,10,2611,242,75,0,4.8,236,6.69,Hyderabad
UIDPROD008,Smartwatch,Electronics,North,2025-06-17,2901,10,2611,291,64,50,4.0,235,5.08,Bangalore
UIDPROD008,Smartwatch,Electronics,North,2025-06-18,2901,0,2901,444,89,0,3.0,272,1.88,Kolkata
UIDPROD008,Smartwatch,Electronics,North,2025-06-19,2901,0,2901,221,97,0,3.2,170,9.07,Hyderabad
UIDPROD008,Smartwatch,Electronics,South,2025-06-05,2901,0,2901,260,75,100,3.2,449,7.98,Bangalore
UIDPROD008,Smartwatch,Electronics,South,2025-06-06,2901,20,2321,197,91,100,3.2,382,10.0,Kolkata
UIDPROD008,Smartwatch,Electronics,South,2025-06-07,2901,5,2756,463,51,50,3.1,197,5.65,Bangalore
UIDPROD008,Smartwatch,Electronics,South,2025-06-08,2901,0,2901,316,91,100,4.4,369,9.69,Mumbai
UIDPROD008,Smartwatch,Electronics,South,2025-06-09,2901,20,2321,356,98,0,4.3,363,7.61,Mumbai
UIDPROD008,Smartwatch,Electronics,South,2025-06-10,2901,0,2901,471,91,100,4.1,118,9.78,Mumbai
UIDPROD008,Smartwatch,Electronics,South,2025-06-11,2901,0,2901,106,97,0,4.5,130,1.32,Kolkata
UIDPROD008,Smartwatch,Electronics,South,2025-06-12,2901,15,2466,305,89,0,3.5,392,4.57,Delhi
UIDPROD008,Smartwatch,Electronics,South,2025-06-13,2901,20,2321,117,97,0,4.9,12,6.57,Delhi
UIDPROD008,Smartwatch,Electronics,South,2025-06-14,2901,15,2466,402,55,50,3.4,447,5.26,Delhi
UIDPROD008,Smartwatch,Electronics,South,2025-06-15,2901,20,2321,174,84,50,4.1,360,0.97,Hyderabad
UIDPROD008,Smartwatch,Electronics,South,2025-06-16,2901,15,2466,342,80,0,3.8,324,7.62,Delhi
UIDPROD008,Smartwatch,Electronics,South,2025-06-17,2901,10,2611,271,76,50,4.6,408,2.89,Mumbai
UIDPROD008,Smartwatch,Electronics,South,2025-06-18,2901,20,2321,183,76,50,4.6,172,8.19,Mumbai
UIDPROD008,Smartwatch,Electronics,South,2025-06-19,2901,0,2901,422,58,100,4.3,282,0.98,Kolkata
UIDPROD008,Smartwatch,Electronics,East,2025-06-05,2901,15,2466,172,53,0,3.7,451,6.05,Delhi
UIDPROD008,Smartwatch,Electronics,East,2025-06-06,2901,20,2321,285,94,50,3.4,192,2.93,Hyderabad
UIDPROD008,Smartwatch,Electronics,East,2025-06-07,2901,20,2321,464,90,100,4.5,299,7.75,Bangalore
UIDPROD008,Smartwatch,Electronics,East,2025-06-08,2901,20,2321,412,86,0,4.6,87,7.34,Kolkata
UIDPROD008,Smartwatch,Electronics,East,2025-06-09,2901,20,2321,462,79,50,3.0,131,6.5,Kolkata
UIDPROD008,Smartwatch,Electronics,East,2025-06-10,2901,15,2466,400,89,100,3.6,233,5.21,Bangalore
UIDPROD008,Smartwatch,Electronics,East,2025-06-11,2901,20,2321,178,59,0,3.5,250,6.36,Delhi
UIDPROD008,Smartwatch,Electronics,East,2025-06-12,2901,15,2466,112,89,100,3.3,359,7.75,Kolkata
UIDPROD008,Smartwatch,Electronics,East,2025-06-13,2901,5,2756,466,92,100,4.7,105,1.22,Hyderabad
UIDPROD008,Smartwatch,Electronics,East,2025-06-14,2901,10,2611,144,77,0,4.0,337,5.73,Hyderabad
UIDPROD008,Smartwatch,Electronics,East,2025-06-15,2901,15,2466,237,57,100,3.5,167,3.2,Hyderabad
UIDPROD008,Smartwatch,Electronics,East,2025-06-16,2901,20,2321,173,95,0,4.9,386,1.28,Bangalore
UIDPROD008,Smartwatch,Electronics,East,2025-06-17,2901,5,2756,191,82,100,3.5,195,1.41,Hyderabad
UIDPROD008,Smartwatch,Electronics,East,2025-06-18,2901,20,2321,66,70,0,4.8,445,2.54,Delhi
UIDPROD008,Smartwatch,Electronics,East,2025-06-19,2901,15,2466,308,58,50,3.3,312,0.89,Kolkata
UIDPROD008,Smartwatch,Electronics,West,2025-06-05,2901,5,2756,489,98,100,4.8,33,2.6,Kolkata
UIDPROD008,Smartwatch,Electronics,West,2025-06-06,2901,15,2466,270,86,0,3.9,76,4.89,Mumbai
UIDPROD008,Smartwatch,Electronics,West,2025-06-07,2901,20,2321,330,92,0,3.1,390,3.31,Hyderabad
UIDPROD008,Smartwatch,Electronics,West,2025-06-08,2901,5,2756,461,77,100,4.6,427,5.64,Delhi
UIDPROD008,Smartwatch,Electronics,West,2025-06-09,2901,10,2611,164,89,50,4.2,369,5.14,Delhi
UIDPROD008,Smartwatch,Electronics,West,2025-06-10,2901,10,2611,120,77,100,4.0,159,7.25,Mumbai
UIDPROD008,Smartwatch,Electronics,West,2025-06-11,2901,10,2611,381,67,100,4.9,460,7.94,Hyderabad
UIDPROD008,Smartwatch,Electronics,West,2025-06-12,2901,20,2321,459,76,50,3.8,196,2.33,Bangalore
UIDPROD008,Smartwatch,Electronics,West,2025-06-13,2901,10,2611,401,73,0,3.4,216,6.68,Kolkata
UIDPROD008,Smartwatch,Electronics,West,2025-06-14,2901,5,2756,299,80,50,4.1,211,1.41,Mumbai
UIDPROD008,Smartwatch,Electronics,West,2025-06-15,2901,15,2466,107,76,100,3.9,302,7.52,Hyderabad
UIDPROD008,Smartwatch,Electronics,West,2025-06-16,2901,15,2466,141,87,50,3.4,133,3.52,Bangalore
UIDPROD008,Smartwatch,Electronics,West,2025-06-17,2901,15,2466,367,94,50,3.3,204,1.12,Kolkata
UIDPROD008,Smartwatch,Electronics,West,2025-06-18,2901,20,2321,86,71,50,3.7,116,8.1,Delhi
UIDPROD008,Smartwatch,Electronics,West,2025-06-19,2901,20,2321,345,97,50,4.8,94,4.88,Kolkata
UIDPROD009,Detergent,Household,North,2025-06-05,1827,10,1644,495,62,0,3.5,283,2.95,Bangalore
UIDPROD009,Detergent,Household,North,2025-06-06,1827,15,1553,128,60,100,3.7,126,7.15,Hyderabad
UIDPROD009,Detergent,Household,North,2025-06-07,1827,20,1462,336,63,100,4.8,348,9.33,Delhi
UIDPROD009,Detergent,Household,North,2025-06-08,1827,15,1553,433,98,50,4.3,211,6.88,Bangalore
UIDPROD009,Detergent,Household,North,2025-06-09,1827,20,1462,295,72,0,4.0,383,4.69,Kolkata
UIDPROD009,Detergent,Household,North,2025-06-10,1827,20,1462,296,80,0,3.4,480,9.38,Mumbai
UIDPROD009,Detergent,Household,North,2025-06-11,1827,0,1827,150,79,100,3.4,31,9.67,Hyderabad
UIDPROD009,Detergent,Household,North,2025-06-12,1827,0,1827,115,83,50,4.7,472,3.99,Bangalore
UIDPROD009,Detergent,Household,North,2025-06-13,1827,5,1736,278,70,0,4.6,471,1.01,Hyderabad
UIDPROD009,Detergent,Household,North,2025-06-14,1827,5,1736,374,81,50,3.9,130,1.63,Hyderabad
UIDPROD009,Detergent,Household,North,2025-06-15,1827,0,1827,244,86,50,3.3,441,8.22,Mumbai
UIDPROD009,Detergent,Household,North,2025-06-16,1827,20,1462,214,52,50,4.9,406,4.19,Bangalore
UIDPROD009,Detergent,Household,North,2025-06-17,1827,10,1644,234,66,100,3.7,309,9.26,Mumbai
UIDPROD009,Detergent,Household,North,2025-06-18,1827,20,1462,276,95,100,4.6,25,7.14,Kolkata
UIDPROD009,Detergent,Household,North,2025-06-19,1827,10,1644,115,57,100,3.2,402,5.85,Kolkata
UIDPROD009,Detergent,Household,South,2025-06-05,1827,15,1553,297,68,100,4.0,362,9.17,Delhi
UIDPROD009,Detergent,Household,South,2025-06-06,1827,0,1827,480,71,50,3.1,48,5.27,Delhi
UIDPROD009,Detergent,Household,South,2025-06-07,1827,20,1462,218,61,0,3.4,276,3.29,Bangalore
UIDPROD009,Detergent,Household,South,2025-06-08,1827,15,1553,295,74,100,4.6,363,1.67,Bangalore
UIDPROD009,Detergent,Household,South,2025-06-09,1827,10,1644,127,81,0,3.4,334,9.0,Bangalore
UIDPROD009,Detergent,Household,South,2025-06-10,1827,10,1644,419,70,0,3.4,88,4.0,Bangalore
UIDPROD009,Detergent,Household,South,2025-06-11,1827,0,1827,54,88,0,3.1,60,3.75,Delhi
UIDPROD009,Detergent,Household,South,2025-06-12,1827,20,1462,226,96,0,4.0,89,5.89,Bangalore
UIDPROD009,Detergent,Household,South,2025-06-13,1827,15,1553,276,56,0,3.3,205,1.84,Mumbai
UIDPROD009,Detergent,Household,South,2025-06-14,1827,15,1553,228,51,50,4.1,288,4.02,Delhi
UIDPROD009,Detergent,Household,South,2025-06-15,1827,5,1736,471,95,0,3.2,460,2.18,Hyderabad
UIDPROD009,Detergent,Household,South,2025-06-16,1827,5,1736,302,94,100,3.7,209,8.03,Kolkata
UIDPROD009,Detergent,Household,South,2025-06-17,1827,0,1827,447,60,0,3.1,142,7.17,Mumbai
UIDPROD009,Detergent,Household,South,2025-06-18,1827,5,1736,74,56,100,4.2,111,8.85,Mumbai
UIDPROD009,Detergent,Household,South,2025-06-19,1827,10,1644,245,56,100,4.5,325,8.84,Mumbai
UIDPROD009,Detergent,Household,East,2025-06-05,1827,5,1736,95,69,100,3.5,311,2.31,Hyderabad
UIDPROD009,Detergent,Household,East,2025-06-06,1827,10,1644,162,50,50,3.8,258,0.57,Mumbai
UIDPROD009,Detergent,Household,East,2025-06-07,1827,15,1553,323,76,0,4.0,466,4.47,Bangalore
UIDPROD009,Detergent,Household,East,2025-06-08,1827,10,1644,144,55,100,3.6,359,4.53,Bangalore
UIDPROD009,Detergent,Household,East,2025-06-09,1827,0,1827,382,65,0,4.6,347,9.29,Mumbai
UIDPROD009,Detergent,Household,East,2025-06-10,1827,5,1736,400,59,0,4.1,344,1.33,Kolkata
UIDPROD009,Detergent,Household,East,2025-06-11,1827,10,1644,211,95,100,4.7,180,4.15,Mumbai
UIDPROD009,Detergent,Household,East,2025-06-12,1827,5,1736,499,85,50,3.2,185,6.38,Hyderabad
UIDPROD009,Detergent,Household,East,2025-06-13,1827,20,1462,474,95,50,3.9,167,2.68,Mumbai
UIDPROD009,Detergent,Household,East,2025-06-14,1827,20,1462,280,87,50,4.4,227,3.23,Bangalore
UIDPROD009,Detergent,Household,East,2025-06-15,1827,15,1553,196,93,0,3.2,365,7.87,Bangalore
UIDPROD009,Detergent,Household,East,2025-06-16,1827,5,1736,178,60,50,3.3,93,1.1,Kolkata
UIDPROD009,Detergent,Household,East,2025-06-17,1827,0,1827,361,71,0,4.1,422,9.97,Bangalore
UIDPROD009,Detergent,Household,East,2025-06-18,1827,5,1736,300,91,100,4.0,434,8.42,Mumbai
UIDPROD009,Detergent,Household,East,2025-06-19,1827,20,1462,442,75,50,4.0,170,2.64,Bangalore
UIDPROD009,Detergent,Household,West,2025-06-05,1827,0,1827,385,97,0,4.3,457,1.9,Bangalore
UIDPROD009,Detergent,Household,West,2025-06-06,1827,20,1462,492,69,100,4.3,271,6.41,Mumbai
UIDPROD009,Detergent,Household,West,2025-06-07,1827,0,1827,145,96,0,3.6,485,5.66,Hyderabad
UIDPROD009,Detergent,Household,West,2025-06-08,1827,20,1462,361,53,50,3.3,55,6.0,Hyderabad
UIDPROD009,Detergent,Household,West,2025-06-09,1827,5,1736,464,65,100,3.3,246,3.5,Hyderabad
UIDPROD009,Detergent,Household,West,2025-06-10,1827,15,1553,229,88,100,4.0,170,0.79,Mumbai
UIDPROD009,Detergent,Household,West,2025-06-11,1827,0,1827,485,58,0,3.8,430,5.6,Kolkata
UIDPROD009,Detergent,Household,West,2025-06-12,1827,5,1736,499,98,100,4.9,326,3.64,Hyderabad
UIDPROD009,Detergent,Household,West,2025-06-13,1827,15,1553,333,82,0,4.1,328,4.21,Kolkata
UIDPROD009,Detergent,Household,West,2025-06-14,1827,5,1736,431,92,50,3.8,99,3.71,Delhi
UIDPROD009,Detergent,Household,West,2025-06-15,1827,5,1736,425,80,0,4.7,362,4.8,Kolkata
UIDPROD009,Detergent,Household,West,2025-06-16,1827,5,1736,426,54,50,5.0,262,3.1,Bangalore
UIDPROD009,Detergent,Household,West,2025-06-17,1827,5,1736,363,58,100,3.6,361,9.39,Bangalore
UIDPROD009,Detergent,Household,West,2025-06-18,1827,5,1736,278,67,100,4.7,474,0.79,Mumbai
UIDPROD009,Detergent,Household,West,2025-06-19,1827,20,1462,142,57,50,3.9,48,9.21,Mumbai
UIDPROD010,Floor Cleaner,Household,North,2025-06-05,3537,5,3360,428,57,100,4.5,143,1.37,Hyderabad
UIDPROD010,Floor Cleaner,Household,North,2025-06-06,3537,5,3360,82,94,100,3.4,244,6.29,Bangalore
UIDPROD010,Floor Cleaner,Household,North,2025-06-07,3537,0,3537,206,50,0,3.8,311,2.65,Delhi
UIDPROD010,Floor Cleaner,Household,North,2025-06-08,3537,15,3006,326,90,100,4.3,78,6.58,Bangalore
UIDPROD010,Floor Cleaner,Household,North,2025-06-09,3537,15,3006,170,76,50,3.7,134,1.52,Hyderabad
UIDPROD010,Floor Cleaner,Household,North,2025-06-10,3537,20,2830,169,84,100,3.6,350,5.02,Delhi
UIDPROD010,Floor Cleaner,Household,North,2025-06-11,3537,15,3006,177,75,100,3.0,398,9.27,Mumbai
UIDPROD010,Floor Cleaner,Household,North,2025-06-12,3537,0,3537,147,50,50,4.1,291,7.72,Hyderabad
UIDPROD010,Floor Cleaner,Household,North,2025-06-13,3537,0,3537,461,93,50,4.6,95,4.03,Bangalore
UIDPROD010,Floor Cleaner,Household,North,2025-06-14,3537,0,3537,497,89,50,3.4,450,1.07,Delhi
UIDPROD010,Floor Cleaner,Household,North,2025-06-15,3537,15,3006,353,95,0,3.3,146,9.93,Bangalore
UIDPROD010,Floor Cleaner,Household,North,2025-06-16,3537,5,3360,323,59,50,4.2,227,4.09,Mumbai
UIDPROD010,Floor Cleaner,Household,North,2025-06-17,3537,0,3537,289,85,0,4.7,457,3.24,Delhi
UIDPROD010,Floor Cleaner,Household,North,2025-06-18,3537,0,3537,316,60,0,4.5,307,0.98,Delhi
UIDPROD010,Floor Cleaner,Household,North,2025-06-19,3537,0,3537,272,77,50,3.7,285,3.78,Mumbai
UIDPROD010,Floor Cleaner,Household,South,2025-06-05,3537,5,3360,342,97,0,3.6,415,9.4,Hyderabad
UIDPROD010,Floor Cleaner,Household,South,2025-06-06,3537,15,3006,122,86,50,3.7,439,3.1,Bangalore
UIDPROD010,Floor Cleaner,Household,South,2025-06-07,3537,5,3360,370,61,0,3.1,114,5.72,Kolkata
UIDPROD010,Floor Cleaner,Household,South,2025-06-08,3537,20,2830,388,63,50,3.9,349,2.92,Bangalore
UIDPROD010,Floor Cleaner,Household,South,2025-06-09,3537,10,3183,335,66,50,4.1,446,5.13,Bangalore
UIDPROD010,Floor Cleaner,Household,South,2025-06-10,3537,0,3537,379,53,100,4.9,258,1.62,Delhi
UIDPROD010,Floor Cleaner,Household,South,2025-06-11,3537,0,3537,98,60,50,3.1,42,8.35,Hyderabad
UIDPROD010,Floor Cleaner,Household,South,2025-06-12,3537,0,3537,230,86,0,4.9,55,6.12,Bangalore
UIDPROD010,Floor Cleaner,Household,South,2025-06-13,3537,20,2830,202,89,0,3.0,75,8.45,Delhi
UIDPROD010,Floor Cleaner,Household,South,2025-06-14,3537,20,2830,318,61,100,4.3,189,6.31,Hyderabad
UIDPROD010,Floor Cleaner,Household,South,2025-06-15,3537,0,3537,387,52,100,4.4,486,6.82,Kolkata
UIDPROD010,Floor Cleaner,Household,South,2025-06-16,3537,0,3537,80,74,50,4.9,395,0.62,Kolkata
UIDPROD010,Floor Cleaner,Household,South,2025-06-17,3537,0,3537,177,76,0,3.9,484,4.14,Mumbai
UIDPROD010,Floor Cleaner,Household,South,2025-06-18,3537,15,3006,126,62,0,3.9,106,3.66,Bangalore
UIDPROD010,Floor Cleaner,Household,South,2025-06-19,3537,20,2830,205,87,0,3.4,49,7.73,Mumbai
UIDPROD010,Floor Cleaner,Household,East,2025-06-05,3537,20,2830,349,93,100,4.8,133,8.9,Hyderabad
UIDPROD010,Floor Cleaner,Household,East,2025-06-06,3537,10,3183,276,76,50,3.5,142,1.26,Bangalore
UIDPROD010,Floor Cleaner,Household,East,2025-06-07,3537,5,3360,309,57,50,3.2,129,5.51,Kolkata
UIDPROD010,Floor Cleaner,Household,East,2025-06-08,3537,5,3360,67,88,100,4.4,93,4.25,Delhi
UIDPROD010,Floor Cleaner,Household,East,2025-06-09,3537,0,3537,54,97,50,4.7,283,4.29,Mumbai
UIDPROD010,Floor Cleaner,Household,East,2025-06-10,3537,15,3006,434,52,50,4.4,70,0.84,Mumbai
UIDPROD010,Floor Cleaner,Household,East,2025-06-11,3537,5,3360,333,90,50,4.8,149,6.39,Hyderabad
UIDPROD010,Floor Cleaner,Household,East,2025-06-12,3537,10,3183,335,53,50,5.0,482,7.59,Mumbai
UIDPROD010,Floor Cleaner,Household,East,2025-06-13,3537,15,3006,281,96,0,3.6,238,7.46,Bangalore
UIDPROD010,Floor Cleaner,Household,East,2025-06-14,3537,15,3006,233,69,50,4.6,93,2.54,Hyderabad
UIDPROD010,Floor Cleaner,Household,East,2025-06-15,3537,0,3537,282,67,100,3.9,368,2.02,Bangalore
UIDPROD010,Floor Cleaner,Household,East,2025-06-16,3537,20,2830,465,70,0,5.0,441,9.74,Mumbai
UIDPROD010,Floor Cleaner,Household,East,2025-06-17,3537,20,2830,169,51,100,5.0,5,0.54,Bangalore
UIDPROD010,Floor Cleaner,Household,East,2025-06-18,3537,5,3360,59,51,50,3.5,17,7.1,Delhi
UIDPROD010,Floor Cleaner,Household,East,2025-06-19,3537,15,3006,123,68,50,4.8,127,5.36,Delhi
UIDPROD010,Floor Cleaner,Household,West,2025-06-05,3537,0,3537,76,57,50,4.2,458,7.16,Mumbai
UIDPROD010,Floor Cleaner,Household,West,2025-06-06,3537,10,3183,158,59,50,4.4,404,8.98,Delhi
UIDPROD010,Floor Cleaner,Household,West,2025-06-07,3537,20,2830,79,94,50,4.5,240,9.89,Bangalore
UIDPROD010,Floor Cleaner,Household,West,2025-06-08,3537,0,3537,155,79,100,4.1,204,3.22,Mumbai
UIDPROD010,Floor Cleaner,Household,West,2025-06-09,3537,5,3360,465,81,0,3.6,311,7.57,Hyderabad
UIDPROD010,Floor Cleaner,Household,West,2025-06-10,3537,10,3183,325,61,50,3.4,247,8.7,Hyderabad
UIDPROD010,Floor Cleaner,Household,West,2025-06-11,3537,5,3360,193,78,0,4.4,169,8.34,Kolkata
UIDPROD010,Floor Cleaner,Household,West,2025-06-12,3537,5,3360,257,79,0,5.0,292,2.73,Delhi
UIDPROD010,Floor Cleaner,Household,West,2025-06-13,3537,15,3006,65,85,50,3.5,220,7.23,Kolkata
UIDPROD010,Floor Cleaner,Household,West,2025-06-14,3537,5,3360,134,72,0,3.3,450,9.85,Delhi
UIDPROD010,Floor Cleaner,Household,West,2025-06-15,3537,0,3537,426,98,0,4.2,321,7.34,Mumbai
UIDPROD010,Floor Cleaner,Household,West,2025-06-16,3537,10,3183,217,78,0,4.9,365,6.18,Mumbai
UIDPROD010,Floor Cleaner,Household,West,2025-06-17,3537,5,3360,164,88,0,4.9,354,4.88,Kolkata
UIDPROD010,Floor Cleaner,Household,West,2025-06-18,3537,5,3360,68,54,50,4.8,229,3.56,Bangalore
UIDPROD010,Floor Cleaner,Household,West,2025-06-19,3537,10,3183,331,79,0,4.1,285,4.3,Kolkata
